{
  "prepare_queue": {
    "installed": [],
    "uninstalled": []
  },
  "config_munge": {
    "files": {
      "res/xml/config.xml": {
        "parents": {
          "/*": [
            {
              "xml": "<feature name=\"Keyboard\"><param name=\"android-package\" value=\"io.ionic.keyboard.IonicKeyboard\" /><param name=\"onload\" value=\"true\" /></feature>",
              "count": 1
            },
            {
              "xml": "<feature name=\"Whitelist\"><param name=\"android-package\" value=\"org.apache.cordova.whitelist.WhitelistPlugin\" /><param name=\"onload\" value=\"true\" /></feature>",
              "count": 1
            },
            {
              "xml": "<feature name=\"Device\"><param name=\"android-package\" value=\"org.apache.cordova.device.Device\" /></feature>",
              "count": 1
            },
            {
              "xml": "<feature name=\"SplashScreen\"><param name=\"android-package\" value=\"org.apache.cordova.splashscreen.SplashScreen\" /><param name=\"onload\" value=\"true\" /></feature>",
              "count": 1
            },
            {
              "xml": "<feature name=\"BrowserTab\"><param name=\"android-package\" value=\"com.google.cordova.plugin.browsertab.BrowserTab\" /></feature>",
              "count": 1
            },
            {
              "xml": "<feature name=\"UniversalLinks\"><param name=\"android-package\" value=\"com.nordnetab.cordova.ul.UniversalLinksPlugin\" /><param name=\"onload\" value=\"true\" /></feature>",
              "count": 1
            },
            {
              "xml": "<feature name=\"BuildInfo\"><param name=\"android-package\" value=\"org.apache.cordova.buildinfo.BuildInfo\" /></feature>",
              "count": 1
            },
            {
              "xml": "<feature name=\"InAppBrowser\"><param name=\"android-package\" value=\"org.apache.cordova.inappbrowser.InAppBrowser\" /></feature>",
              "count": 1
            },
            {
              "xml": "<feature name=\"AdMob\"><param name=\"android-package\" value=\"name.ratson.cordova.admob.AdMob\" /><param name=\"onload\" value=\"true\" /></feature>",
              "count": 1
            },
            {
              "xml": "<feature name=\"SQLitePlugin\"><param name=\"android-package\" value=\"io.sqlc.SQLitePlugin\" /></feature>",
              "count": 1
            }
          ]
        }
      },
      "AndroidManifest.xml": {
        "parents": {
          "/manifest/application": [
            {
              "xml": "<activity android:configChanges=\"keyboard|keyboardHidden|orientation|screenLayout|uiMode|screenSize|smallestScreenSize\" android:name=\"com.google.android.gms.ads.AdActivity\" android:theme=\"@android:style/Theme.Translucent\" />",
              "count": 1
            }
          ],
          "/*": [
            {
              "xml": "<uses-permission android:name=\"android.permission.INTERNET\" />",
              "count": 1
            },
            {
              "xml": "<uses-permission android:name=\"android.permission.ACCESS_NETWORK_STATE\" />",
              "count": 1
            }
          ]
        }
      }
    }
  },
  "installed_plugins": {
    "ionic-plugin-keyboard": {
      "PACKAGE_NAME": "io.ionic.starter"
    },
    "cordova-plugin-whitelist": {
      "PACKAGE_NAME": "io.ionic.starter"
    },
    "cordova-plugin-device": {
      "PACKAGE_NAME": "io.ionic.starter"
    },
    "cordova-plugin-splashscreen": {
      "PACKAGE_NAME": "io.ionic.starter"
    },
    "cordova-plugin-ionic-webview": {
      "PACKAGE_NAME": "io.ionic.starter"
    },
    "cordova-plugin-browsertab": {
      "PACKAGE_NAME": "io.ionic.starter"
    },
    "cordova-universal-links-plugin": {
      "PACKAGE_NAME": "io.ionic.starter"
    },
    "cordova-plugin-buildinfo": {
      "PACKAGE_NAME": "io.ionic.starter"
    },
    "cordova-plugin-inappbrowser": {
      "PACKAGE_NAME": "io.ionic.starter"
    },
    "cordova-promise-polyfill": {
      "PACKAGE_NAME": "io.ionic.starter"
    },
    "cordova-admob-sdk": {
      "PACKAGE_NAME": "io.ionic.starter"
    },
    "cordova-plugin-admob-free": {
      "PACKAGE_NAME": "io.ionic.starter"
    },
    "cordova-sqlite-storage": {
      "PACKAGE_NAME": "io.ionic.starter"
    }
  },
  "dependent_plugins": {},
  "modules": [
    {
      "id": "ionic-plugin-keyboard.keyboard",
      "file": "plugins/ionic-plugin-keyboard/www/android/keyboard.js",
      "pluginId": "ionic-plugin-keyboard",
      "clobbers": [
        "cordova.plugins.Keyboard"
      ],
      "runs": true
    },
    {
      "id": "cordova-plugin-device.device",
      "file": "plugins/cordova-plugin-device/www/device.js",
      "pluginId": "cordova-plugin-device",
      "clobbers": [
        "device"
      ]
    },
    {
      "id": "cordova-plugin-splashscreen.SplashScreen",
      "file": "plugins/cordova-plugin-splashscreen/www/splashscreen.js",
      "pluginId": "cordova-plugin-splashscreen",
      "clobbers": [
        "navigator.splashscreen"
      ]
    },
    {
      "id": "cordova-plugin-browsertab.BrowserTab",
      "file": "plugins/cordova-plugin-browsertab/www/browsertab.js",
      "pluginId": "cordova-plugin-browsertab",
      "clobbers": [
        "cordova.plugins.browsertab"
      ]
    },
    {
      "id": "cordova-universal-links-plugin.universalLinks",
      "file": "plugins/cordova-universal-links-plugin/www/universal_links.js",
      "pluginId": "cordova-universal-links-plugin",
      "clobbers": [
        "universalLinks"
      ]
    },
    {
      "id": "cordova-plugin-buildinfo.BuildInfo",
      "file": "plugins/cordova-plugin-buildinfo/www/buildinfo.js",
      "pluginId": "cordova-plugin-buildinfo",
      "clobbers": [
        "BuildInfo"
      ]
    },
    {
      "id": "cordova-plugin-inappbrowser.inappbrowser",
      "file": "plugins/cordova-plugin-inappbrowser/www/inappbrowser.js",
      "pluginId": "cordova-plugin-inappbrowser",
      "clobbers": [
        "cordova.InAppBrowser.open",
        "window.open"
      ]
    },
    {
      "id": "cordova-promise-polyfill.Promise",
      "file": "plugins/cordova-promise-polyfill/www/Promise.js",
      "pluginId": "cordova-promise-polyfill",
      "runs": true
    },
    {
      "id": "cordova-promise-polyfill.promise.min",
      "file": "plugins/cordova-promise-polyfill/www/promise.min.js",
      "pluginId": "cordova-promise-polyfill"
    },
    {
      "id": "cordova-plugin-admob-free.AdMob",
      "file": "plugins/cordova-plugin-admob-free/www/admob.js",
      "pluginId": "cordova-plugin-admob-free",
      "clobbers": [
        "admob",
        "AdMob",
        "plugins.AdMob"
      ]
    },
    {
      "id": "cordova-sqlite-storage.SQLitePlugin",
      "file": "plugins/cordova-sqlite-storage/www/SQLitePlugin.js",
      "pluginId": "cordova-sqlite-storage",
      "clobbers": [
        "SQLitePlugin"
      ]
    }
  ],
  "plugin_metadata": {
    "ionic-plugin-keyboard": "2.2.1",
    "cordova-plugin-whitelist": "1.3.1",
    "cordova-plugin-device": "1.1.4",
    "cordova-plugin-splashscreen": "4.0.3",
    "cordova-plugin-ionic-webview": "1.1.16",
    "cordova-plugin-browsertab": "0.2.0",
    "cordova-universal-links-plugin": "1.2.1",
    "cordova-plugin-buildinfo": "2.0.1",
    "cordova-plugin-inappbrowser": "1.7.2",
    "cordova-promise-polyfill": "0.0.2",
    "cordova-admob-sdk": "0.12.0",
    "cordova-plugin-admob-free": "0.12.1",
    "cordova-sqlite-storage": "2.1.2"
  }
}