{
    "AdSupport.framework": 1,
    "AudioToolbox.framework": 1,
    "AVFoundation.framework": 1,
    "CoreBluetooth.framework": 1,
    "CoreMedia.framework": 1,
    "CoreMotion.framework": 1,
    "CoreTelephony.framework": 1,
    "CoreVideo.framework": 1,
    "EventKit.framework": 1,
    "EventKitUI.framework": 1,
    "Foundation.framework": 1,
    "GLKit.framework": 1,
    "MediaPlayer.framework": 1,
    "MessageUI.framework": 1,
    "OpenGLES.framework": 1,
    "SafariServices.framework": 2,
    "StoreKit.framework": 1,
    "SystemConfiguration.framework": 1,
    "UIKit.framework": 1,
    "WebKit.framework": 1,
    "libz.tbd": 1
}