{
  "prepare_queue": {
    "installed": [],
    "uninstalled": []
  },
  "config_munge": {
    "files": {
      "config.xml": {
        "parents": {
          "/*": [
            {
              "xml": "<feature name=\"AdMob\"><param name=\"ios-package\" value=\"CDVAdMob\" /></feature>",
              "count": 1
            },
            {
              "xml": "<feature name=\"BrowserTab\"><param name=\"ios-package\" value=\"CBTBrowserTab\" /></feature>",
              "count": 1
            },
            {
              "xml": "<feature name=\"BuildInfo\"><param name=\"ios-package\" value=\"CDVBuildInfo\" /></feature>",
              "count": 1
            },
            {
              "xml": "<feature name=\"Device\"><param name=\"ios-package\" value=\"CDVDevice\" /></feature>",
              "count": 1
            },
            {
              "xml": "<feature name=\"InAppBrowser\"><param name=\"ios-package\" value=\"CDVInAppBrowser\" /></feature>",
              "count": 1
            },
            {
              "xml": "<allow-navigation href=\"http://localhost:8080/*\" />",
              "count": 1
            },
            {
              "xml": "<feature name=\"CDVWKWebViewEngine\"><param name=\"ios-package\" value=\"CDVWKWebViewEngine\" /></feature>",
              "count": 1
            },
            {
              "xml": "<preference name=\"CordovaWebViewEngine\" value=\"CDVWKWebViewEngine\" />",
              "count": 1
            },
            {
              "xml": "<feature name=\"SplashScreen\"><param name=\"ios-package\" value=\"CDVSplashScreen\" /><param name=\"onload\" value=\"true\" /></feature>",
              "count": 1
            },
            {
              "xml": "<feature name=\"SQLitePlugin\"><param name=\"ios-package\" value=\"SQLitePlugin\" /></feature>",
              "count": 1
            },
            {
              "xml": "<feature name=\"UniversalLinks\"><param name=\"ios-package\" value=\"CULPlugin\" /><param name=\"onload\" value=\"true\" /></feature>",
              "count": 1
            },
            {
              "xml": "<feature name=\"Keyboard\"><param name=\"ios-package\" onload=\"true\" value=\"IonicKeyboard\" /></feature>",
              "count": 1
            }
          ]
        }
      }
    }
  },
  "installed_plugins": {
    "cordova-admob-sdk": {
      "PACKAGE_NAME": "io.ionic.starter"
    },
    "cordova-promise-polyfill": {
      "PACKAGE_NAME": "io.ionic.starter"
    },
    "cordova-plugin-admob-free": {
      "PACKAGE_NAME": "io.ionic.starter"
    },
    "cordova-plugin-compat": {
      "PACKAGE_NAME": "io.ionic.starter"
    },
    "cordova-plugin-browsertab": {
      "PACKAGE_NAME": "io.ionic.starter"
    },
    "cordova-plugin-buildinfo": {
      "PACKAGE_NAME": "io.ionic.starter"
    },
    "cordova-plugin-device": {
      "PACKAGE_NAME": "io.ionic.starter"
    },
    "cordova-plugin-inappbrowser": {
      "PACKAGE_NAME": "io.ionic.starter"
    },
    "cordova-plugin-ionic-webview": {
      "PACKAGE_NAME": "io.ionic.starter"
    },
    "cordova-plugin-splashscreen": {
      "PACKAGE_NAME": "io.ionic.starter"
    },
    "cordova-plugin-whitelist": {
      "PACKAGE_NAME": "io.ionic.starter"
    },
    "cordova-sqlite-storage": {
      "PACKAGE_NAME": "io.ionic.starter"
    },
    "cordova-universal-links-plugin": {
      "PACKAGE_NAME": "io.ionic.starter"
    },
    "ionic-plugin-keyboard": {
      "PACKAGE_NAME": "io.ionic.starter"
    }
  },
  "dependent_plugins": {},
  "modules": [
    {
      "id": "cordova-promise-polyfill.Promise",
      "file": "plugins/cordova-promise-polyfill/www/Promise.js",
      "pluginId": "cordova-promise-polyfill",
      "runs": true
    },
    {
      "id": "cordova-promise-polyfill.promise.min",
      "file": "plugins/cordova-promise-polyfill/www/promise.min.js",
      "pluginId": "cordova-promise-polyfill"
    },
    {
      "id": "cordova-plugin-admob-free.AdMob",
      "file": "plugins/cordova-plugin-admob-free/www/admob.js",
      "pluginId": "cordova-plugin-admob-free",
      "clobbers": [
        "admob",
        "AdMob",
        "plugins.AdMob"
      ]
    },
    {
      "id": "cordova-plugin-browsertab.BrowserTab",
      "file": "plugins/cordova-plugin-browsertab/www/browsertab.js",
      "pluginId": "cordova-plugin-browsertab",
      "clobbers": [
        "cordova.plugins.browsertab"
      ]
    },
    {
      "id": "cordova-plugin-buildinfo.BuildInfo",
      "file": "plugins/cordova-plugin-buildinfo/www/buildinfo.js",
      "pluginId": "cordova-plugin-buildinfo",
      "clobbers": [
        "BuildInfo"
      ]
    },
    {
      "id": "cordova-plugin-device.device",
      "file": "plugins/cordova-plugin-device/www/device.js",
      "pluginId": "cordova-plugin-device",
      "clobbers": [
        "device"
      ]
    },
    {
      "id": "cordova-plugin-inappbrowser.inappbrowser",
      "file": "plugins/cordova-plugin-inappbrowser/www/inappbrowser.js",
      "pluginId": "cordova-plugin-inappbrowser",
      "clobbers": [
        "cordova.InAppBrowser.open",
        "window.open"
      ]
    },
    {
      "id": "cordova-plugin-ionic-webview.ios-wkwebview-exec",
      "file": "plugins/cordova-plugin-ionic-webview/src/www/ios/ios-wkwebview-exec.js",
      "pluginId": "cordova-plugin-ionic-webview",
      "clobbers": [
        "cordova.exec"
      ]
    },
    {
      "id": "cordova-plugin-splashscreen.SplashScreen",
      "file": "plugins/cordova-plugin-splashscreen/www/splashscreen.js",
      "pluginId": "cordova-plugin-splashscreen",
      "clobbers": [
        "navigator.splashscreen"
      ]
    },
    {
      "id": "cordova-sqlite-storage.SQLitePlugin",
      "file": "plugins/cordova-sqlite-storage/www/SQLitePlugin.js",
      "pluginId": "cordova-sqlite-storage",
      "clobbers": [
        "SQLitePlugin"
      ]
    },
    {
      "id": "cordova-universal-links-plugin.universalLinks",
      "file": "plugins/cordova-universal-links-plugin/www/universal_links.js",
      "pluginId": "cordova-universal-links-plugin",
      "clobbers": [
        "universalLinks"
      ]
    },
    {
      "id": "ionic-plugin-keyboard.keyboard",
      "file": "plugins/ionic-plugin-keyboard/www/ios/keyboard.js",
      "pluginId": "ionic-plugin-keyboard",
      "clobbers": [
        "cordova.plugins.Keyboard"
      ],
      "runs": true
    }
  ],
  "plugin_metadata": {
    "cordova-admob-sdk": "0.12.0",
    "cordova-promise-polyfill": "0.0.2",
    "cordova-plugin-admob-free": "0.12.1",
    "cordova-plugin-compat": "1.2.0",
    "cordova-plugin-browsertab": "0.2.0",
    "cordova-plugin-buildinfo": "2.0.1",
    "cordova-plugin-device": "1.1.4",
    "cordova-plugin-inappbrowser": "1.7.2",
    "cordova-plugin-ionic-webview": "1.1.16",
    "cordova-plugin-splashscreen": "4.0.3",
    "cordova-plugin-whitelist": "1.3.1",
    "cordova-sqlite-storage": "2.1.2",
    "cordova-universal-links-plugin": "1.2.1",
    "ionic-plugin-keyboard": "2.2.1"
  }
}